MetIDQ;MetIDQ_alternative1;MetIDQ_alternative2;LipidNetworkPredictR;LipidNetworkPredictR_brackets
C0;C0;;;
C2;C2;;;
C3;C3;;;
C3-DC (C4-OH);C3-DC (C4-OH);;;
C3-OH;C3-OH;;;
C3:1;C3:1;;;
C4;C4;;;
C4:1;C4:1;;;
C5;C5;;;
C5-DC (C6-OH);C5-DC (C6-OH);;;
C5-M-DC;C5-M-DC;;;
C5-OH (C3-DC-M);C5-OH (C3-DC-M);;;
C5:1;C5:1;;;
C5:1-DC;C5:1-DC;;;
C6 (C4:1-DC);C6 (C4:1-DC);;;
C6:1;C6:1;;;
C7-DC;C7-DC;;;
C8;C8;;;
C9;C9;;;
C10;C10;;;
C10:1;C10:1;;;
C10:2;C10:2;;;
C12;C12;;;
C12-DC;C12-DC;;;
C12:1;C12:1;;;
C14;C14;;;
C14:1;C14:1;;;
C14:1-OH;C14:1-OH;;;
C14:2;C14:2;;;
C14:2-OH;C14:2-OH;;;
C16;C16;;;
C16-OH;C16-OH;;;
C16:1;C16:1;;;
C16:1-OH;C16:1-OH;;;
C16:2;C16:2;;;
C16:2-OH;C16:2-OH;;;
C18;C18;;;
C18:1;C18:1;;;
C18:1-OH;C18:1-OH;;;
C18:2;C18:2;;;
Trigonelline;Trigonelline;;;
TMAO;TMAO;;;
Ala;Ala;;;
Arg;Arg;;;
Asn;Asn;;;
Asp;Asp;;;
Cys;Cys;;;
Gln;Gln;;;
Glu;Glu;;;
Gly;Gly;;;
His;His;;;
Ile;Ile;;;
Leu;Leu;;;
Lys;Lys;;;
Met;Met;;;
Phe;Phe;;;
Pro;Pro;;;
Ser;Ser;;;
Thr;Thr;;;
Trp;Trp;;;
Tyr;Tyr;;;
Val;Val;;;
1-Met-His;1-Met-His;;;
3-Met-His;3-Met-His;;;
5-AVA;5-AVA;;;
AABA;AABA;;;
Ac-Orn;Ac-Orn;;;
ADMA;ADMA;;;
alpha-AAA;alpha-AAA;;;
Anserine;Anserine;;;
BABA;BABA;;;
Betaine;Betaine;;;
c4-OH-Pro;c4-OH-Pro;;;
Carnosine;Carnosine;;;
Cit;Cit;;;
Creatinine;Creatinine;;;
Cystine;Cystine;;;
DOPA;DOPA;;;
HArg;HArg;;;
HCys;HCys;;;
Kynurenine;Kynurenine;;;
Met-SO;Met-SO;;;
Nitro-Tyr;Nitro-Tyr;;;
Orn;Orn;;;
PAG;PAG;;;
PheAlaBetaine;PheAlaBetaine;;;
ProBetaine;ProBetaine;;;
Sarcosine;Sarcosine;;;
SDMA;SDMA;;;
t4-OH-Pro;t4-OH-Pro;;;
Taurine;Taurine;;;
TrpBetaine;TrpBetaine;;;
CA;CA;;;
CDCA;CDCA;;;
DCA;DCA;;;
GCA;GCA;;;
GCDCA;GCDCA;;;
GDCA;GDCA;;;
GLCA;GLCA;;;
GLCAS;GLCAS;;;
GUDCA;GUDCA;;;
TCA;TCA;;;
TCDCA;TCDCA;;;
TDCA;TDCA;;;
TLCA;TLCA;;;
TMCA;TMCA;;;
beta-Ala;beta-Ala;;;
Dopamine;Dopamine;;;
GABA;GABA;;;
Histamine;Histamine;;;
PEA;PEA;;;
Putrescine;Putrescine;;;
Serotonin;Serotonin;;;
Spermidine;Spermidine;;;
Spermine;Spermine;;;
AconAcid;AconAcid;;;
DiCA(12:0);DiCA(12:0);;DiCA 12:0;DiCA(12:0)
DiCA(14:0);DiCA(14:0);;DiCA 14:0;DiCA(14:0)
HipAcid;HipAcid;;;
Lac;Lac;;;
OH-GlutAcid;OH-GlutAcid;;;
Suc;Suc;;;
Cer d16:1/18:0;Cer(d16:1/18:0);;Cer d16:1/18:0;Cer(d16:1/18:0)
Cer d16:1/20:0;Cer(d16:1/20:0);;Cer d16:1/20:0;Cer(d16:1/20:0)
Cer d16:1/22:0;Cer(d16:1/22:0);;Cer d16:1/22:0;Cer(d16:1/22:0)
Cer d16:1/23:0;Cer(d16:1/23:0);;Cer d16:1/23:0;Cer(d16:1/23:0)
Cer d16:1/24:0;Cer(d16:1/24:0);;Cer d16:1/24:0;Cer(d16:1/24:0)
Cer d18:1/14:0;Cer(d18:1/14:0);;Cer d18:1/14:0;Cer(d18:1/14:0)
Cer d18:1/16:0;Cer(d18:1/16:0);;Cer d18:1/16:0;Cer(d18:1/16:0)
Cer d18:1/18:0;Cer(d18:1/18:0);;Cer d18:1/18:0;Cer(d18:1/18:0)
Cer d18:1/18:0-OH;Cer(d18:1/18:0-OH);;;
Cer d18:1/18:1;Cer(d18:1/18:1);;Cer d18:1/18:1;Cer(d18:1/18:1)
Cer d18:1/20:0;Cer(d18:1/20:0);;Cer d18:1/20:0;Cer(d18:1/20:0)
Cer d18:1/20:0-OH;Cer(d18:1/20:0-OH);;;
Cer d18:1/22:0;Cer(d18:1/22:0);;Cer d18:1/22:0;Cer(d18:1/22:0)
Cer d18:1/23:0;Cer(d18:1/23:0);;Cer d18:1/23:0;Cer(d18:1/23:0)
Cer d18:1/24:0;Cer(d18:1/24:0);;Cer d18:1/24:0;Cer(d18:1/24:0)
Cer d18:1/24:1;Cer(d18:1/24:1);;Cer d18:1/24:1;Cer(d18:1/24:1)
Cer d18:1/25:0;Cer(d18:1/25:0);;Cer d18:1/25:0;Cer(d18:1/25:0)
Cer d18:1/26:0;Cer(d18:1/26:0);;Cer d18:1/26:0;Cer(d18:1/26:0)
Cer d18:1/26:1;Cer(d18:1/26:1);;Cer d18:1/26:1;Cer(d18:1/26:1)
Cer d18:2/14:0;Cer(d18:2/14:0);;Cer d18:2/14:0;Cer(d18:2/14:0)
Cer d18:2/16:0;Cer(d18:2/16:0);;Cer d18:2/16:0;Cer(d18:2/16:0)
Cer d18:2/18:0;Cer(d18:2/18:0);;Cer d18:2/18:0;Cer(d18:2/18:0)
Cer d18:2/18:1;Cer(d18:2/18:1);;Cer d18:2/18:1;Cer(d18:2/18:1)
Cer d18:2/20:0;Cer(d18:2/20:0);;Cer d18:2/20:0;Cer(d18:2/20:0)
Cer d18:2/22:0;Cer(d18:2/22:0);;Cer d18:2/22:0;Cer(d18:2/22:0)
Cer d18:2/23:0;Cer(d18:2/23:0);;Cer d18:2/23:0;Cer(d18:2/23:0)
Cer d18:2/24:0;Cer(d18:2/24:0);;Cer d18:2/24:0;Cer(d18:2/24:0)
Cer d18:2/24:1;Cer(d18:2/24:1);;Cer d18:2/24:1;Cer(d18:2/24:1)
CerP d18:1/16:0;CerP(d18:1/16:0);;CerP d18:1/16:0;CerP(d18:1/16:0)
CE 14:0;CE(14:0);;CE 14:0;CE(14:0)
CE 14:1;CE(14:1);;CE 14:1;CE(14:1)
CE 15:0;CE(15:0);;CE 15:0;CE(15:0)
CE 15:1;CE(15:1);;CE 15:1;CE(15:1)
CE 16:0;CE(16:0);;CE 16:0;CE(16:0)
CE 16:1;CE(16:1);;CE 16:1;CE(16:1)
CE 17:0;CE(17:0);;CE 17:0;CE(17:0)
CE 17:1;CE(17:1);;CE 17:1;CE(17:1)
CE 18:0;CE(18:0);;CE 18:0;CE(18:0)
CE 18:1;CE(18:1);;CE 18:1;CE(18:1)
CE 18:2;CE(18:2);;CE 18:2;CE(18:2)
CE 18:3;CE(18:3);;CE 18:3;CE(18:3)
CE 20:0;CE(20:0);;CE 20:0;CE(20:0)
CE 20:1;CE(20:1);;CE 20:1;CE(20:1)
CE 20:3;CE(20:3);;CE 20:3;CE(20:3)
CE 20:4;CE(20:4);;CE 20:4;CE(20:4)
CE 20:5;CE(20:5);;CE 20:5;CE(20:5)
CE 22:0;CE(22:0);;CE 22:0;CE(22:0)
CE 22:1;CE(22:1);;CE 22:1;CE(22:1)
CE 22:2;CE(22:2);;CE 22:2;CE(22:2)
CE 22:5;CE(22:5);;CE 22:5;CE(22:5)
CE 22:6;CE(22:6);;CE 22:6;CE(22:6)
p-Cresol-SO4;p-Cresol-SO4;;;
DG 14:0_14:0;DG(14:0_14:0);;DG 14:0/14:0/0:0;DG(14:0/14:0/0:0)
DG 14:0_18:1;DG(14:0_18:1);;DG 14:0/18:1/0:0;DG(14:0/18:1/0:0)
DG 14:0_18:2;DG(14:0_18:2);;DG 14:0/18:2/0:0;DG(14:0/18:2/0:0)
DG 14:0_20:0;DG(14:0_20:0);;DG 14:0/20:0/0:0;DG(14:0/20:0/0:0)
DG 14:1_18:1;DG(14:1_18:1);;DG 14:1/18:1/0:0;DG(14:1/18:1/0:0)
DG 14:1_20:2;DG(14:1_20:2);;DG 14:1/20:2/0:0;DG(14:1/20:2/0:0)
DG 16:0_16:0;DG(16:0_16:0);;DG 16:0/16:0/0:0;DG(16:0/16:0/0:0)
DG 16:0_16:1;DG(16:0_16:1);;DG 16:0/16:1/0:0;DG(16:0/16:1/0:0)
DG 16:0_18:1;DG(16:0_18:1);;DG 16:0/18:1/0:0;DG(16:0/18:1/0:0)
DG 16:0_18:2;DG(16:0_18:2);;DG 16:0/18:2/0:0;DG(16:0/18:2/0:0)
DG 16:0_20:0;DG(16:0_20:0);;DG 16:0/20:0/0:0;DG(16:0/20:0/0:0)
DG 16:0_20:3;DG(16:0_20:3);;DG 16:0/20:3/0:0;DG(16:0/20:3/0:0)
DG 16:0_20:4;DG(16:0_20:4);;DG 16:0/20:4/0:0;DG(16:0/20:4/0:0)
DG 16:1_18:0;DG(16:1_18:0);;DG 16:1/18:0/0:0;DG(16:1/18:0/0:0)
DG 16:1_18:1;DG(16:1_18:1);;DG 16:1/18:1/0:0;DG(16:1/18:1/0:0)
DG 16:1_18:2;DG(16:1_18:2);;DG 16:1/18:2/0:0;DG(16:1/18:2/0:0)
DG 16:1_20:0;DG(16:1_20:0);;DG 16:1/20:0/0:0;DG(16:1/20:0/0:0)
DG 17:0_17:1;DG(17:0_17:1);;DG 17:0/17:1/0:0;DG(17:0/17:1/0:0)
DG 17:0_18:1;DG(17:0_18:1);;DG 17:0/18:1/0:0;DG(17:0/18:1/0:0)
DG 18:0_20:0;DG(18:0_20:0);;DG 18:0/20:0/0:0;DG(18:0/20:0/0:0)
DG 18:0_20:4;DG(18:0_20:4);;DG 18:0/20:4/0:0;DG(18:0/20:4/0:0)
DG 18:1_18:1;DG(18:1_18:1);;DG 18:1/18:1/0:0;DG(18:1/18:1/0:0)
DG 18:1_18:2;DG(18:1_18:2);;DG 18:1/18:2/0:0;DG(18:1/18:2/0:0)
DG 18:1_18:3;DG(18:1_18:3);;DG 18:1/18:3/0:0;DG(18:1/18:3/0:0)
DG 18:1_18:4;DG(18:1_18:4);;DG 18:1/18:4/0:0;DG(18:1/18:4/0:0)
DG 18:1_20:0;DG(18:1_20:0);;DG 18:1/20:0/0:0;DG(18:1/20:0/0:0)
DG 18:1_20:1;DG(18:1_20:1);;DG 18:1/20:1/0:0;DG(18:1/20:1/0:0)
DG 18:1_20:2;DG(18:1_20:2);;DG 18:1/20:2/0:0;DG(18:1/20:2/0:0)
DG 18:1_20:3;DG(18:1_20:3);;DG 18:1/20:3/0:0;DG(18:1/20:3/0:0)
DG 18:1_20:4;DG(18:1_20:4);;DG 18:1/20:4/0:0;DG(18:1/20:4/0:0)
DG 18:1_22:5;DG(18:1_22:5);;DG 18:1/22:5/0:0;DG(18:1/22:5/0:0)
DG 18:1_22:6;DG(18:1_22:6);;DG 18:1/22:6/0:0;DG(18:1/22:6/0:0)
DG 18:2_18:2;DG(18:2_18:2);;DG 18:2/18:2/0:0;DG(18:2/18:2/0:0)
DG 18:2_18:3;DG(18:2_18:3);;DG 18:2/18:3/0:0;DG(18:2/18:3/0:0)
DG 18:2_18:4;DG(18:2_18:4);;DG 18:2/18:4/0:0;DG(18:2/18:4/0:0)
DG 18:2_20:0;DG(18:2_20:0);;DG 18:2/20:0/0:0;DG(18:2/20:0/0:0)
DG 18:2_20:4;DG(18:2_20:4);;DG 18:2/20:4/0:0;DG(18:2/20:4/0:0)
DG 18:3_18:3;DG(18:3_18:3);;DG 18:3/18:3/0:0;DG(18:3/18:3/0:0)
DG 18:3_20:2;DG(18:3_20:2);;DG 18:3/20:2/0:0;DG(18:3/20:2/0:0)
DG 21:0_22:6;DG(21:0_22:6);;DG 21:0/22:6/0:0;DG(21:0/22:6/0:0)
DG 22:1_22:2;DG(22:1_22:2);;DG 22:1/22:2/0:0;DG(22:1/22:2/0:0)
DG O-14:0_18:2;DG(O-14:0_18:2);;DG O-14:0/18:2/0:0;DG(O-14:0/18:2/0:0)
DG O-16:0_18:1;DG(O-16:0_18:1);;DG O-16:0/18:1/0:0;DG(O-16:0/18:1/0:0)
DG O-16:0_20:4;DG(O-16:0_20:4);;DG O-16:0/20:4/0:0;DG(O-16:0/20:4/0:0)
Cer d18:0/18:0;Cer(d18:0/18:0/0:0);;Cer d18:0/18:0/0:0;Cer(d18:0/18:0/0:0)
Cer d18:0/18:0-OH;Cer(d18:0/18:0-OH);;;
Cer d18:0/20:0;Cer(d18:0/20:0);;Cer d18:0/20:0;Cer(d18:0/20:0)
Cer d18:0/22:0;Cer(d18:0/22:0);;Cer d18:0/22:0;Cer(d18:0/22:0)
Cer d18:0/24:0;Cer(d18:0/24:0);;Cer d18:0/24:0;Cer(d18:0/24:0)
Cer d18:0/24:1;Cer(d18:0/24:1);;Cer d18:0/24:1;Cer(d18:0/24:1)
Cer d18:0/26:1;Cer(d18:0/26:1);;Cer d18:0/26:1;Cer(d18:0/26:1)
Cer d18:0/26:1-OH;Cer(d18:0/26:1-OH);;;
FA 12:0;FA(12:0);;FA 12:0;FA(12:0)
FA 14:0;FA(14:0);;FA 14:0;FA(14:0)
FA 16:0;FA(16:0);;FA 16:0;FA(16:0)
FA 18:0;FA(18:0);;FA 18:0;FA(18:0)
FA 18:1;FA(18:1);;FA 18:1;FA(18:1)
FA 18:2;FA(18:2);;FA 18:2;FA(18:2)
FA 20:1;FA(20:1);;FA 20:1;FA(20:1)
FA 20:2;FA(20:2);;FA 20:2;FA(20:2)
FA 20:3;FA(20:3);;FA 20:3;FA(20:3)
FA 20:4;FA(20:4);;FA 20:4;FA(20:4)
FA 20:5;FA(20:5);;FA 20:5;FA(20:5)
FA 22:6;FA(22:6);;FA 22:6;FA(22:6)
Hex2Cer d18:1/14:0;Hex2Cer(d18:1/14:0);;;
Hex2Cer d18:1/16:0;Hex2Cer(d18:1/16:0);;;
Hex2Cer d18:1/18:0;Hex2Cer(d18:1/18:0);;;
Hex2Cer d18:1/20:0;Hex2Cer(d18:1/20:0);;;
Hex2Cer d18:1/22:0;Hex2Cer(d18:1/22:0);;;
Hex2Cer d18:1/24:0;Hex2Cer(d18:1/24:0);;;
Hex2Cer d18:1/24:1;Hex2Cer(d18:1/24:1);;;
Hex2Cer d18:1/26:0;Hex2Cer(d18:1/26:0);;;
Hex2Cer d18:1/26:1;Hex2Cer(d18:1/26:1);;;
Hex3Cer d18:1/16:0;Hex3Cer(d18:1/16:0);;;
Hex3Cer d18:1/18:0;Hex3Cer(d18:1/18:1);;;
Hex3Cer d18:1/20:0;Hex3Cer(d18:1/20:0);;;
Hex3Cer d18:1/22:0;Hex3Cer(d18:1/22:0);;;
Hex3Cer d18:1/24:1;Hex3Cer(d18:1/24:1);;;
Hex3Cer d18:1/26:1;Hex3Cer(d18:1/26:1);;;
Hex-Cer d16:1/22:0;Hex-Cer(d16:1/22:0);;GlcCer d16:1/22:0;GlcCer(d16:1/22:0)
Hex-Cer d16:1/24:0;Hex-Cer(d16:1/24:0);;GlcCer d16:1/24:0;GlcCer(d16:1/24:0)
Hex-Cer d18:1/14:0;Hex-Cer(d18:1/14:0);;GlcCer d18:1/14:0;GlcCer(d18:1/14:0)
Hex-Cer d18:1/16:0;Hex-Cer(d18:1/16:0);;GlcCer d18:1/16:0;GlcCer(d18:1/16:0)
Hex-Cer d18:1/18:0;Hex-Cer(d18:1/18:0);;GlcCer d18:1/18:0;GlcCer(d18:1/18:0)
Hex-Cer d18:1/18:1;Hex-Cer(d18:1/18:1);;GlcCer d18:1/18:1;GlcCer(d18:1/18:1)
Hex-Cer d18:1/20:0;Hex-Cer(d18:1/20:0);;GlcCer d18:1/20:0;GlcCer(d18:1/20:0)
Hex-Cer d18:1/22:0;Hex-Cer(d18:1/22:0);;GlcCer d18:1/22:0;GlcCer(d18:1/22:0)
Hex-Cer d18:1/23:0;Hex-Cer(d18:1/23:0);;GlcCer d18:1/23:0;GlcCer(d18:1/23:0)
Hex-Cer d18:1/24:0;Hex-Cer(d18:1/24:0);;GlcCer d18:1/24:0;GlcCer(d18:1/24:0)
Hex-Cer d18:1/24:1;Hex-Cer(d18:1/24:1);;GlcCer d18:1/24:1;GlcCer(d18:1/24:1)
Hex-Cer d18:1/26:0;Hex-Cer(d18:1/26:0);;GlcCer d18:1/26:0;GlcCer(d18:1/26:0)
Hex-Cer d18:1/26:1;Hex-Cer(d18:1/26:1);;GlcCer d18:1/26:1;GlcCer(d18:1/26:1)
Hex-Cer d18:2/16:0;Hex-Cer(d18:2/16:0);;GlcCer d18:2/16:0;GlcCer(d18:2/16:0)
Hex-Cer d18:2/18:0;Hex-Cer(d18:2/18:0);;GlcCer d18:2/18:0;GlcCer(d18:2/18:0)
Hex-Cer d18:2/20:0;Hex-Cer(d18:2/20:0);;GlcCer d18:2/20:0;GlcCer(d18:2/20:0)
Hex-Cer d18:2/22:0;Hex-Cer(d18:2/22:0);;GlcCer d18:2/22:0;GlcCer(d18:2/22:0)
Hex-Cer d18:2/23:0;Hex-Cer(d18:2/23:0);;GlcCer d18:2/23:0;GlcCer(d18:2/23:0)
Hex-Cer d18:2/24:0;Hex-Cer(d18:2/24:0);;GlcCer d18:2/24:0;GlcCer(d18:2/24:0)
AbsAcid;AbsAcid;;;
Cortisol;Cortisol;;;
Cortisone;Cortisone;;;
DHEAS;DHEAS;;;
3-IAA;3-IAA;;;
3-IPA;3-IPA;;;
Ind-SO4;Ind-SO4;;;
Indole;Indole;;;
MG 16:1;MG(16:1);;MG 16:1/0:0/0:0;MG(16:1/0:0/0:0)
MG 18:1;MG(18:1);;MG 18:1/0:0/0:0;MG(18:1/0:0/0:0)
MG 18:2;MG(18:2);;MG 18:2/0:0/0:0;MG(18:2/0:0/0:0)
MG 18:3;MG(18:3);;MG 18:3/0:0/0:0;MG(18:3/0:0/0:0)
MG 20:1;MG(20:1);;MG 20:1/0:0/0:0;MG(20:1/0:0/0:0)
MG 20:3;MG(20:3);;MG 20:3/0:0/0:0;MG(20:3/0:0/0:0)
MG 20:4;MG(20:4);;MG 20:4/0:0/0:0;MG(20:4/0:0/0:0)
MG 20:5;MG(20:5);;MG 20:5/0:0/0:0;MG(20:5/0:0/0:0)
MG 22:1;MG(22:1);;MG 22:1/0:0/0:0;MG(22:1/0:0/0:0)
MG 22:2;MG(22:2);;MG 22:2/0:0/0:0;MG(22:2/0:0/0:0)
MG 22:4;MG(22:4);;MG 22:4/0:0/0:0;MG(22:4/0:0/0:0)
MG 22:6;MG(22:6);;MG 22:6/0:0/0:0;MG(22:6/0:0/0:0)
Hypoxanthine;Hypoxanthine;;;
Xanthine;Xanthine;;;
LPA 14:0;LPA(14:0);;PA 14:0/0:0;PA(14:0/0:0)
LPA 14:1;LPA(14:1);;PA 14:1/0:0;PA(14:1/0:0)
LPA 15:0;LPA(15:0);;PA 15:0/0:0;PA(15:0/0:0)
LPA 16:0;LPA(16:0);;PA 16:0/0:0;PA(16:0/0:0)
LPA 18:1;LPA(18:1);;PA 18:1/0:0;PA(18:1/0:0)
LPA 18:2;LPA(18:2);;PA 18:2/0:0;PA(18:2/0:0)
LPA 22:3;LPA(22:3);;PA 22:3/0:0;PA(22:3/0:0)
LPA 22:4;LPA(22:4);;PA 22:4/0:0;PA(22:4/0:0)
PA 14:0_14:1;PA(14:0_14:1);;PA 14:0/14:1;PA(14:0/14:1)
PA 16:0_18:1;PA(16:0_18:1);;PA 16:0/18:1;PA(16:0/18:1)
PA 16:0_18:2;PA(16:0_18:2);;PA 16:0/18:2;PA(16:0/18:2)
PA 16:0_18:3;PA(16:0_18:3);;PA 16:0/18:3;PA(16:0/18:3)
PA 16:0_19:2;PA(16:0_19:2);;PA 16:0/19:2;PA(16:0/19:2)
PA 16:1_18:1;PA(16:1_18:1);;PA 16:1/18:1;PA(16:1/18:1)
PA 16:1_18:2;PA(16:1_18:2);;PA 16:1/18:2;PA(16:1/18:2)
PA 16:1_22:0;PA(16:1_22:0);;PA 16:1/22:0;PA(16:1/22:0)
PA 16:2_18:1;PA(16:2_18:1);;PA 16:2/18:1;PA(16:2/18:1)
PA 17:0_18:1;PA(17:0_18:1);;PA 17:0/18:1;PA(17:0/18:1)
PA 17:0_18:2;PA(17:0_18:2);;PA 17:0/18:2;PA(17:0/18:2)
PA 17:0_18:3;PA(17:0_18:3);;PA 17:0/18:3;PA(17:0/18:3)
PA 17:1_18:1;PA(17:1_18:1);;PA 17:1/18:1;PA(17:1/18:1)
PA 17:1_18:2;PA(17:1_18:2);;PA 17:1/18:2;PA(17:1/18:2)
PA 17:2_18:1;PA(17:2_18:1);;PA 17:2/18:1;PA(17:2/18:1)
PA 18:0_18:1;PA(18:0_18:1);;PA 18:0/18:1;PA(18:0/18:1)
PA 18:0_18:2;PA(18:0_18:2);;PA 18:0/18:2;PA(18:0/18:2)
PA 18:0_18:3;PA(18:0_18:3);;PA 18:0/18:3;PA(18:0/18:3)
PA 18:1_18:1;PA(18:1_18:1);;PA 18:1/18:1;PA(18:1/18:1)
PA 18:1_18:2;PA(18:1_18:2);;PA 18:1/18:2;PA(18:1/18:2)
PA 18:1_18:3;PA(18:1_18:3);;PA 18:1/18:3;PA(18:1/18:3)
PA 18:1_18:4;PA(18:1_18:4);;PA 18:1/18:4;PA(18:1/18:4)
PA 18:1_20:0;PA(18:1_20:0);;PA 18:1/20:0;PA(18:1/20:0)
PA 18:1_20:1;PA(18:1_20:1);;PA 18:1/20:1;PA(18:1/20:1)
PA 18:1_20:2;PA(18:1_20:2);;PA 18:1/20:2;PA(18:1/20:2)
PA 18:1_20:3;PA(18:1_20:3);;PA 18:1/20:3;PA(18:1/20:3)
PA 18:1_22:0;PA(18:1_22:0);;PA 18:1/22:0;PA(18:1/22:0)
PA 18:1_22:1;PA(18:1_22:1);;PA 18:1/22:1;PA(18:1/22:1)
PA 18:1_22:2;PA(18:1_22:2);;PA 18:1/22:2;PA(18:1/22:2)
PA 18:1_22:3;PA(18:1_22:3);;PA 18:1/22:3;PA(18:1/22:3)
PA 18:2_18:2;PA(18:2_18:2);;PA 18:2/18:2;PA(18:2/18:2)
PA 18:2_18:3;PA(18:2_18:3);;PA 18:2/18:3;PA(18:2/18:3)
PA 18:2_20:0;PA(18:2_20:0);;PA 18:2/20:0;PA(18:2/20:0)
PA 18:2_20:1;PA(18:2_20:1);;PA 18:2/20:1;PA(18:2/20:1)
PA 18:2_20:2;PA(18:2_20:2);;PA 18:2/20:2;PA(18:2/20:2)
PA 18:2_22:0;PA(18:2_22:0);;PA 18:2/22:0;PA(18:2/22:0)
PA 18:2_22:1;PA(18:2_22:1);;PA 18:2/22:1;PA(18:2/22:1)
PA 18:2_22:3;PA(18:2_22:3);;PA 18:2/22:3;PA(18:2/22:3)
PA 18:2_22:4;PA(18:2_22:4);;PA 18:2/22:4;PA(18:2/22:4)
PA 18:3_18:3;PA(18:3_18:3);;PA 18:3/18:3;PA(18:3/18:3)
PA 20:0_20:4;PA(20:0_20:4);;PA 20:0/20:4;PA(20:0/20:4)
LPC 14:0;LPC(14:0);lysoPC a C14:0;PC 14:0/0:0;PC(14:0/0:0)
LPC 16:0;LPC(16:0);lysoPC a C16:0;PC 16:0/0:0;PC(16:0/0:0)
LPC 16:1;LPC(16:1);lysoPC a C16:1;PC 16:1/0:0;PC(16:1/0:0)
LPC 17:0;LPC(17:0);lysoPC a C17:0;PC 17:0/0:0;PC(17:0/0:0)
LPC 18:0;LPC(18:0);lysoPC a C18:0;PC 18:0/0:0;PC(18:0/0:0)
LPC 18:1;LPC(18:1);lysoPC a C18:1;PC 18:1/0:0;PC(18:1/0:0)
LPC 18:2;LPC(18:2);lysoPC a C18:2;PC 18:2/0:0;PC(18:2/0:0)
LPC 20:3;LPC(20:3);lysoPC a C20:3;PC 20:3/0:0;PC(20:3/0:0)
LPC 20:4;LPC 20:4;lysoPC a C20:4;PC 20:4/0:0;PC(20:4/0:0)
LPC 24:0;LPC(24:0);lysoPC a C24:0;PC 24:0/0:0;PC(24:0/0:0)
LPC 26:0;LPC(26:0);lysoPC a C26:0;PC 26:0/0:0;PC(26:0/0:0)
LPC 26:1;LPC(26:1);lysoPC a C26:1;PC 26:1/0:0;PC(26:1/0:0)
PC 24:0;PC(24:0);;;
PC 26:0;PC(26:0);;;
PC 28:1;PC(28:1);;;
PC 30:0;PC(30:0);;;
PC 30:2;PC(30:2);;;
PC 32:0;PC(32:0);;;
PC 32:1;PC(32:1);;;
PC 32:2;PC(32:2);;;
PC 32:3;PC(32:3);;;
PC 34:1;PC(34:1);;;
PC 34:2;PC(34:2);;;
PC 34:3;PC(34:3);;;
PC 34:4;PC(34:4);;;
PC 36:0;PC(36:0);;;
PC 36:1;PC(36:1);;;
PC 36:2;PC(36:2);;;
PC 36:3;PC(36:3);;;
PC 36:4;PC(36:4);;;
PC 36:5;PC(36:5);;;
PC 36:6;PC(36:6);;;
PC 38:0;PC(38:0);;;
PC 38:1;PC(38:1);;;
PC 38:3;PC(38:3);;;
PC 38:4;PC(38:4);;;
PC 38:5;PC(38:5);;;
PC 38:6;PC(38:6);;;
PC 40:1;PC(40:1);;;
PC 40:2;PC(40:2);;;
PC 40:3;PC(40:3);;;
PC 40:4;PC(40:4);;;
PC 40:5;PC(40:5);;;
PC 40:6;PC(40:6);;;
PC 42:0;PC(42:0);;;
PC 42:1;PC(42:1);;;
PC 42:2;PC(42:2);;;
PC 42:4;PC(42:4);;;
PC 42:5;PC(42:5);;;
PC 42:6;PC(42:6);;;
PC O-28:0;PC(O-28:0);;;
PC O-28:1;PC(O-28:1);;;
PC O-30:0;PC(O-30:0);;;
PC O-30:1;PC(O-30:1);;;
PC O-30:2;PC(O-30:2);;;
PC O-32:1;PC(O-32:1);;;
PC O-32:2;PC(O-32:2);;;
PC O-34:0;PC(O-34:0);;;
PC O-34:1;PC(O-34:1);;;
PC O-34:2;PC(O-34:2);;;
PC O-34:3;PC(O-34:3);;;
PC O-36:0;PC(O-36:0);;;
PC O-36:1;PC(O-36:1);;;
PC O-36:2;PC(O-36:2);;;
PC O-36:3;PC(O-36:3);;;
PC O-36:4;PC(O-36:4);;;
PC O-36:5;PC(O-36:5);;;
PC O-38:0;PC(O-38:0);;;
PC O-38:1;PC(O-38:1);;;
PC O-38:2;PC(O-38:2);;;
PC O-38:3;PC(O-38:3);;;
PC O-38:4;PC(O-38:4);;;
PC O-38:5;PC(O-38:5);;;
PC O-38:6;PC(O-38:6);;;
PC O-40:1;PC(O-40:1);;;
PC O-40:2;PC(O-40:2);;;
PC O-40:3;PC(O-40:3);;;
PC O-40:4;PC(O-40:4);;;
PC O-40:5;PC(O-40:5);;;
PC O-40:6;PC(O-40:6);;;
PC O-42:0;PC(O-42:0);;;
PC O-42:1;PC(O-42:1);;;
PC O-42:2;PC(O-42:2);;;
PC O-42:3;PC(O-42:3);;;
PC O-42:4;PC(O-42:4);;;
PC O-42:5;PC(O-42:5);;;
PC O-44:3;PC(O-44:3);;;
PC O-44:4;PC(O-44:4);;;
PC O-44:5;PC(O-44:5);;;
PC O-44:6;PC(O-44:6);;;
LPE 12:0;LPE(12:0);;PE 12:0/0:0;PE(12:0/0:0)
LPE 14:0;LPE(14:0);;PE 14:0/0:0;PE(14:0/0:0)
LPE 14:1;LPE(14:1);;PE 14:1/0:0;PE(14:1/0:0)
LPE 15:0;LPE(15:0);;PE 15:0/0:0;PE(15:0/0:0)
LPE 16:0;LPE(16:0);;PE 16:0/0:0;PE(16:0/0:0)
LPE 16:1;LPE(16:1);;PE 16:1/0:0;PE(16:1/0:0)
LPE 17:0;LPE(17:0);;PE 17:0/0:0;PE(17:0/0:0)
LPE 17:1;LPE(17:1);;PE 17:1/0:0;PE(17:1/0:0)
LPE 18:0;LPE(18:0);;PE 18:0/0:0;PE(18:0/0:0)
LPE 18:1;LPE(18:1);;PE 18:1/0:0;PE(18:1/0:0)
LPE 18:2;LPE(18:2);;PE 18:2/0:0;PE(18:2/0:0)
LPE 18:3;LPE(18:3);;PE 18:3/0:0;PE(18:3/0:0)
LPE 19:0;LPE(19:0);;PE 19:0/0:0;PE(19:0/0:0)
LPE 19:1;LPE(19:1);;PE 19:1/0:0;PE(19:1/0:0)
LPE 19:2;LPE(19:2);;PE 19:2/0:0;PE(19:2/0:0)
LPE 20:0;LPE(20:0);;PE 20:0/0:0;PE(20:0/0:0)
LPE 20:1;LPE(20:1);;PE 20:1/0:0;PE(20:1/0:0)
LPE 20:2;LPE(20:2);;PE 20:2/0:0;PE(20:2/0:0)
LPE 20:3;LPE(20:3);;PE 20:3/0:0;PE(20:3/0:0)
LPE 20:4;LPE(20:4);;PE 20:4/0:0;PE(20:4/0:0)
LPE 20:5;LPE(20:5);;PE 20:5/0:0;PE(20:5/0:0)
LPE 22:0;LPE(22:0);;PE 22:0/0:0;PE(22:0/0:0)
LPE 22:1;LPE(22:1);;PE 22:1/0:0;PE(22:1/0:0)
LPE 22:4;LPE(22:4);;PE 22:4/0:0;PE(22:4/0:0)
LPE 22:5;LPE(22:5);;PE 22:5/0:0;PE(22:5/0:0)
LPE 22:6;LPE(22:6);;PE 22:6/0:0;PE(22:6/0:0)
LPE 24:0;LPE(24:0);;PE 24:0/0:0;PE(24:0/0:0)
LPE P-14:0;LPE(P-14:0);;PE P-14:0/0:0;PE(P-14:0/0:0)
LPE P-15:0;LPE(P-15:0);;PE P-15:0/0:0;PE(P-15:0/0:0)
LPE P-16:0;LPE(P-16:0);;PE P-16:0/0:0;PE(P-16:0/0:0)
LPE P-17:0;LPE(P-17:0);;PE P-17:0/0:0;PE(P-17:0/0:0)
LPE P-18:0;LPE(P-18:0);;PE P-18:0/0:0;PE(P-18:0/0:0)
LPE P-18:1;LPE(P-18:1);;PE P-18:1/0:0;PE(P-18:1/0:0)
LPE P-18:2;LPE(P-18:2);;PE P-18:2/0:0;PE(P-18:2/0:0)
LPE P-20:0;LPE(P-20:0);;PE P-20:0/0:0;PE(P-20:0/0:0)
LPE P-20:1;LPE(P-20:1);;PE P-20:1/0:0;PE(P-20:1/0:0)
LPE P-20:4;LPE(P-20:4);;PE P-20:4/0:0;PE(P-20:4/0:0)
LPE P-20:5;LPE(P-20:5);;PE P-20:5/0:0;PE(P-20:5/0:0)
LPE P-22:0;LPE(P-22:0);;PE P-22:0/0:0;PE(P-22:0/0:0)
LPE P-22:1;LPE(P-22:1);;PE P-22:1/0:0;PE(P-22:1/0:0)
LPE P-22:4;LPE(P-22:4);;PE P-22:4/0:0;PE(P-22:4/0:0)
LPE P-22:5;LPE(P-22:5);;PE P-22:5/0:0;PE(P-22:5/0:0)
LPE P-22:6;LPE(P-22:6);;PE P-22:6/0:0;PE(P-22:6/0:0)
PE 20:0;PE(20:0);;;
PE 28:0;PE(28:0);;;
PE 28:1;PE(28:1);;;
PE 30:0;PE(30:0);;;
PE 30:1;PE(30:1);;;
PE 31:0;PE(31:0);;;
PE 32:0;PE(32:0);;;
PE 32:1;PE(32:1);;;
PE 32:2;PE(32:2);;;
PE 33:0;PE(33:0);;;
PE 33:1;PE(33:1);;;
PE 33:2;PE(33:2);;;
PE 34:0;PE(34:0);;;
PE 34:1;PE(34:1);;;
PE 34:2;PE(34:2);;;
PE 34:3;PE(34:3);;;
PE 34:4;PE(34:4);;;
PE 35:1;PE(35:1);;;
PE 35:2;PE(35:2);;;
PE 35:3;PE(35:3);;;
PE 36:0;PE(36:0);;;
PE 36:1;PE(36:1);;;
PE 36:2;PE(36:2);;;
PE 36:3;PE(36:3);;;
PE 36:4;PE(36:4);;;
PE 36:5;PE(36:5);;;
PE 36:6;PE(36:6);;;
PE 38:0;PE(38:0);;;
PE 38:1;PE(38:1);;;
PE 38:2;PE(38:2);;;
PE 38:3;PE(38:3);;;
PE 38:4;PE(38:4);;;
PE 38:5;PE(38:5);;;
PE 38:6;PE(38:6);;;
PE 38:7;PE(38:7);;;
PE 40:1;PE(40:1);;;
PE 40:3;PE(40:3);;;
PE 40:4;PE(40:4);;;
PE 40:5;PE(40:5);;;
PE 40:6;PE(40:6);;;
PE 40:7;PE(40:7);;;
PE 40:8;PE(40:8);;;
PE 42:7;PE(42:7);;;
PE 42:8;PE(42:8);;;
PE 44:6;PE(44:6);;;
PE 44:7;PE(44:7);;;
PE 44:11;PE(44:11);;;
PE 44:12;PE(44:12);;;
PE P-16:0/14:0;PE(P-16:0/14:0);;PE P-16:0/14:0;PE(P-16:0/14:0)
PE P-16:0/15:0;PE(P-16:0/15:0);;PE P-16:0/15:0;PE(P-16:0/15:0)
PE P-16:0/16:0;PE(P-16:0/16:0);;PE P-16:0/16:0;PE(P-16:0/16:0)
PE P-16:0/16:1;PE(P-16:0/16:1);;PE P-16:0/16:1;PE(P-16:0/16:1)
PE P-16:0/18:1;PE(P-16:0/18:1);;PE P-16:0/18:1;PE(P-16:0/18:1)
PE P-16:0/18:2;PE(P-16:0/18:2);;PE P-16:0/18:2;PE(P-16:0/18:2)
PE P-16:0/18:3;PE(P-16:0/18:3);;PE P-16:0/18:3;PE(P-16:0/18:3)
PE P-16:0/20:3;PE(P-16:0/20:3);;PE P-16:0/20:3;PE(P-16:0/20:3)
PE P-16:0/20:4;PE(P-16:0/20:4);;PE P-16:0/20:4;PE(P-16:0/20:4)
PE P-16:0/20:5;PE(P-16:0/20:5);;PE P-16:0/20:5;PE(P-16:0/20:5)
PE P-16:0/22:4;PE(P-16:0/22:4);;PE P-16:0/22:4;PE(P-16:0/22:4)
PE P-16:0/22:5;PE(P-16:0/22:5);;PE P-16:0/22:5;PE(P-16:0/22:5)
PE P-16:0/22:6;PE(P-16:0/22:6);;PE P-16:0/22:6;PE(P-16:0/22:6)
PE P-18:0/14:0;PE(P-18:0/14:0);;PE P-18:0/14:0;PE(P-18:0/14:0)
PE P-18:0/16:0;PE(P-18:0/16:0);;PE P-18:0/16:0;PE(P-18:0/16:0)
PE P-18:0/16:1;PE(P-18:0/16:1);;PE P-18:0/16:1;PE(P-18:0/16:1)
PE P-18:0/17:1;PE(P-18:0/17:1);;PE P-18:0/17:1;PE(P-18:0/17:1)
PE P-18:0/18:0;PE(P-18:0/18:0);;PE P-18:0/18:0;PE(P-18:0/18:0)
PE P-18:0/18:1;PE(P-18:0/18:1);;PE P-18:0/18:1;PE(P-18:0/18:1)
PE P-18:0/18:2;PE(P-18:0/18:2);;PE P-18:0/18:2;PE(P-18:0/18:2)
PE P-18:0/18:3;PE(P-18:0/18:3);;PE P-18:0/18:3;PE(P-18:0/18:3)
PE P-18:0/19:1;PE(P-18:0/19:1);;PE P-18:0/19:1;PE(P-18:0/19:1)
PE P-18:0/20:1;PE(P-18:0/20:1);;PE P-18:0/20:1;PE(P-18:0/20:1)
PE P-18:0/20:2;PE(P-18:0/20:2);;PE P-18:0/20:2;PE(P-18:0/20:2)
PE P-18:0/20:3;PE(P-18:0/20:3);;PE P-18:0/20:3;PE(P-18:0/20:3)
PE P-18:0/20:4;PE(P-18:0/20:4);;PE P-18:0/20:4;PE(P-18:0/20:4)
PE P-18:0/20:5;PE(P-18:0/20:5);;PE P-18:0/20:5;PE(P-18:0/20:5)
PE P-18:0/22:1;PE(P-18:0/22:1);;PE P-18:0/22:1;PE(P-18:0/22:1)
PE P-18:0/22:2;PE(P-18:0/22:2);;PE P-18:0/22:2;PE(P-18:0/22:2)
PE P-18:0/22:3;PE(P-18:0/22:3);;PE P-18:0/22:3;PE(P-18:0/22:3)
PE P-18:0/22:4;PE(P-18:0/22:4);;PE P-18:0/22:4;PE(P-18:0/22:4)
PE P-18:0/22:5;PE(P-18:0/22:5);;PE P-18:0/22:5;PE(P-18:0/22:5)
PE P-18:0/22:6;PE(P-18:0/22:6);;PE P-18:0/22:6;PE(P-18:0/22:6)
PE P-18:1/18:1;PE(P-18:1/18:1);;PE P-18:1/18:1;PE(P-18:1/18:1)
PE P-18:1/18:2;PE(P-18:1/18:2);;PE P-18:1/18:2;PE(P-18:1/18:2)
PE P-18:1/20:4;PE(P-18:1/20:4);;PE P-18:1/20:4;PE(P-18:1/20:4)
PE P-18:1/20:5;PE(P-18:1/20:5);;PE P-18:1/20:5;PE(P-18:1/20:5)
PE P-18:1/22:6;PE(P-18:1/22:6);;PE P-18:1/22:6;PE(P-18:1/22:6)
PE P-20:0/14:0;PE(P-20:0/14:0);;PE P-20:0/14:0;PE(P-20:0/14:0)
PE P-20:0/16:0;PE(P-20:0/16:0);;PE P-20:0/16:0;PE(P-20:0/16:0)
PE P-20:0/16:1;PE(P-20:0/16:1);;PE P-20:0/16:1;PE(P-20:0/16:1)
PE P-20:0/17:1;PE(P-20:0/17:1);;PE P-20:0/17:1;PE(P-20:0/17:1)
PE P-20:0/18:1;PE(P-20:0/18:1);;PE P-20:0/18:1;PE(P-20:0/18:1)
PE P-20:0/18:2;PE(P-20:0/18:2);;PE P-20:0/18:2;PE(P-20:0/18:2)
PE P-20:0/20:0;PE(P-20:0/20:0);;PE P-20:0/20:0;PE(P-20:0/20:0)
PE P-20:0/20:4;PE(P-20:0/20:4);;PE P-20:0/20:4;PE(P-20:0/20:4)
PE P-20:0/20:5;PE(P-20:0/20:5);;PE P-20:0/20:5;PE(P-20:0/20:5)
LPG 14:0;LPG(14:0);;PG 14:0/0:0;PG(14:0/0:0)
LPG 14:1;LPG(14:1);;PG 14:1/0:0;PG(14:1/0:0)
LPG 16:0;LPG(16:0);;PG 16:0/0:0;PG(16:0/0:0)
LPG 16:1;LPG(16:1);;PG 16:1/0:0;PG(16:1/0:0)
LPG 17:0;LPG(17:0);;PG 17:0/0:0;PG(17:0/0:0)
LPG 17:1;LPG(17:1);;PG 17:1/0:0;PG(17:1/0:0)
LPG 18:0;LPG(18:0);;PG 18:0/0:0;PG(18:0/0:0)
LPG 18:1;LPG(18:1);;PG 18:1/0:0;PG(18:1/0:0)
LPG 18:2;LPG(18:2);;PG 18:2/0:0;PG(18:2/0:0)
LPG 20:1;LPG(20:1);;PG 20:1/0:0;PG(20:1/0:0)
PG 14:0_16:0;PG(14:0_16:0);;PG 14:0/16:0;PG(14:0/16:0)
PG 15:0_18:1;PG(15:0_18:1);;PG 15:0/18:1;PG(15:0/18:1)
PG 16:0_16:0;PG(16:0_16:0);;PG 16:0/16:0;PG(16:0/16:0)
PG 16:0_16:1;PG(16:0_16:1);;PG 16:0/16:1;PG(16:0/16:1)
PG 16:0_18:1;PG(16:0_18:1);;PG 16:0/18:1;PG(16:0/18:1)
PG 16:0_18:2;PG(16:0_18:2);;PG 16:0/18:2;PG(16:0/18:2)
PG 16:0_18:3;PG(16:0_18:3);;PG 16:0/18:3;PG(16:0/18:3)
PG 16:0_19:1;PG(16:0_19:1);;PG 16:0/19:1;PG(16:0/19:1)
PG 16:0_20:3;PG(16:0_20:3);;PG 16:0/20:3;PG(16:0/20:3)
PG 16:0_20:4;PG(16:0_20:4);;PG 16:0/20:4;PG(16:0/20:4)
PG 16:0_20:5;PG(16:0_20:5);;PG 16:0/20:5;PG(16:0/20:5)
PG 16:0_22:1;PG(16:0_22:1);;PG 16:0/22:1;PG(16:0/22:1)
PG 16:0_22:2;PG(16:0_22:2);;PG 16:0/22:2;PG(16:0/22:2)
PG 16:1_16:1;PG(16:1_16:1);;PG 16:1/16:1;PG(16:1/16:1)
PG 16:1_18:0;PG(16:1_18:0);;PG 16:1/18:0;PG(16:1/18:0)
PG 16:1_18:1;PG(16:1_18:1);;PG 16:1/18:1;PG(16:1/18:1)
PG 16:1_18:2;PG(16:1_18:2);;PG 16:1/18:2;PG(16:1/18:2)
PG 16:1_20:4;PG(16:1_20:4);;PG 16:1/20:4;PG(16:1/20:4)
PG 16:1_22:1;PG(16:1_22:1);;PG 16:1/22:1;PG(16:1/22:1)
PG 16:2_18:1;PG(16:2_18:1);;PG 16:2/18:1;PG(16:2/18:1)
PG 16:2_18:2;PG(16:2_18:2);;PG 16:2/18:2;PG(16:2/18:2)
PG 16:3_18:1;PG(16:3_18:1);;PG 16:3/18:1;PG(16:3/18:1)
PG 17:0_18:1;PG(17:0_18:1);;PG 17:0/18:1;PG(17:0/18:1)
PG 17:0_18:2;PG(17:0_18:2);;PG 17:0/18:2;PG(17:0/18:2)
PG 17:1_18:1;PG(17:1_18:1);;PG 17:1/18:1;PG(17:1/18:1)
PG 18:0_18:1;PG(18:0_18:1);;PG 18:0/18:1;PG(18:0/18:1)
PG 18:0_18:2;PG(18:0_18:2);;PG 18:0/18:2;PG(18:0/18:2)
PG 18:0_18:3;PG(18:0_18:3);;PG 18:0/18:3;PG(18:0/18:3)
PG 18:0_22:1;PG(18:0_22:1);;PG 18:0/22:1;PG(18:0/22:1)
PG 18:1_18:1;PG(18:1_18:1);;PG 18:1/18:1;PG(18:1/18:1)
PG 18:1_18:2;PG(18:1_18:2);;PG 18:1/18:2;PG(18:1/18:2)
PG 18:1_18:3;PG(18:1_18:3);;PG 18:1/18:3;PG(18:1/18:3)
PG 18:1_20:0;PG(18:1_20:0);;PG 18:1/20:0;PG(18:1/20:0)
PG 18:1_20:1;PG(18:1_20:1);;PG 18:1/20:1;PG(18:1/20:1)
PG 18:1_20:2;PG(18:1_20:2);;PG 18:1/20:2;PG(18:1/20:2)
PG 18:1_20:3;PG(18:1_20:3);;PG 18:1/20:3;PG(18:1/20:3)
PG 18:1_20:4;PG(18:1_20:4);;PG 18:1/20:4;PG(18:1/20:4)
PG 18:1_20:5;PG(18:1_20:5);;PG 18:1/20:5;PG(18:1/20:5)
PG 18:1_22:0;PG(18:1_22:0);;PG 18:1/22:0;PG(18:1/22:0)
PG 18:1_22:1;PG(18:1_22:1);;PG 18:1/22:1;PG(18:1/22:1)
PG 18:1_22:2;PG(18:1_22:2);;PG 18:1/22:2;PG(18:1/22:2)
PG 18:1_22:3;PG(18:1_22:3);;PG 18:1/22:3;PG(18:1/22:3)
PG 18:1_22:4;PG(18:1_22:4);;PG 18:1/22:4;PG(18:1/22:4)
PG 18:1_22:5;PG(18:1_22:5);;PG 18:1/22:5;PG(18:1/22:5)
PG 18:2_18:2;PG(18:2_18:2);;PG 18:2/18:2;PG(18:2/18:2)
PG 18:2_18:3;PG(18:2_18:3);;PG 18:2/18:3;PG(18:2/18:3)
PG 18:2_18:4;PG(18:2_18:4);;PG 18:2/18:4;PG(18:2/18:4)
PG 18:2_20:0;PG(18:2_20:0);;PG 18:2/20:0;PG(18:2/20:0)
PG 18:2_20:2;PG(18:2_20:2);;PG 18:2/20:2;PG(18:2/20:2)
PG 18:2_20:3;PG(18:2_20:3);;PG 18:2/20:3;PG(18:2/20:3)
PG 18:2_20:4;PG(18:2_20:4);;PG 18:2/20:4;PG(18:2/20:4)
PG 18:2_20:5;PG(18:2_20:5);;PG 18:2/20:5;PG(18:2/20:5)
PG 18:2_22:0;PG(18:2_22:0);;PG 18:2/22:0;PG(18:2/22:0)
PG 18:2_22:1;PG(18:2_22:1);;PG 18:2/22:1;PG(18:2/22:1)
PG 18:2_22:3;PG(18:2_22:3);;PG 18:2/22:3;PG(18:2/22:3)
PG 18:2_22:4;PG(18:2_22:4);;PG 18:2/22:4;PG(18:2/22:4)
PG 20:3_20:4;PG(20:3_20:4);;PG 20:3/20:4;PG(20:3/20:4)
PG 20:4_20:4;PG(20:4_20:4);;PG 20:4/20:4;PG(20:4/20:4)
PG 20:4_22:1;PG(20:4_22:1);;PG 20:4/22:1;PG(20:4/22:1)
PG 20:4_22:3;PG(20:4_22:3);;PG 20:4/22:3;PG(20:4/22:3)
PG 20:4_22:4;PG(20:4_22:4);;PG 20:4/22:4;PG(20:4/22:4)
PG 22:4_22:6;PG(22:4_22:6);;PG 22:4/22:6;PG(22:4/22:6)
PG 22:5_22:6;PG(22:5_22:6);;PG 22:5/22:6;PG(22:5/22:6)
PG 22:6_22:6;PG(22:6_22:6);;PG 22:6/22:6;PG(22:6/22:6)
LPI 14:0;LPI(14:0);;PI 14:0/0:0;PI(14:0/0:0)
LPI 14:1;LPI(14:1);;PI 14:1/0:0;PI(14:1/0:0)
LPI 15:0;LPI(15:0);;PI 15:0/0:0;PI(15:0/0:0)
LPI 16:0;LPI(16:0);;PI 16:0/0:0;PI(16:0/0:0)
LPI 16:1;LPI(16:1);;PI 16:1/0:0;PI(16:1/0:0)
LPI 17:0;LPI(17:0);;PI 17:0/0:0;PI(17:0/0:0)
LPI 17:1;LPI(17:1);;PI 17:1/0:0;PI(17:1/0:0)
LPI 18:0;LPI(18:0);;PI 18:0/0:0;PI(18:0/0:0)
LPI 18:1;LPI(18:1);;PI 18:1/0:0;PI(18:1/0:0)
LPI 18:2;LPI(18:2);;PI 18:2/0:0;PI(18:2/0:0)
LPI 18:3;LPI(18:3);;PI 18:3/0:0;PI(18:3/0:0)
LPI 19:0;LPI(19:0);;PI 19:0/0:0;PI(19:0/0:0)
LPI 20:1;LPI(20:1);;PI 20:1/0:0;PI(20:1/0:0)
LPI 20:4;LPI(20:4);;PI 20:4/0:0;PI(20:4/0:0)
LPI 22:0;LPI(22:0);;PI 22:0/0:0;PI(22:0/0:0)
LPI 22:1;LPI(22:1);;PI 22:1/0:0;PI(22:1/0:0)
PI 14:0_18:1;PI(14:0_18:1);;PI 14:0/18:1;PI(14:0/18:1)
PI 14:0_18:2;PI(14:0_18:2);;PI 14:0/18:2;PI(14:0/18:2)
PI 15:0_16:0;PI(15:0_16:0);;PI 15:0/16:0;PI(15:0/16:0)
PI 15:1_16:0;PI(15:1_16:0);;PI 15:1/16:0;PI(15:1/16:0)
PI 16:0_16:0;PI(16:0_16:0);;PI 16:0/16:0;PI(16:0/16:0)
PI 16:0_17:0;PI(16:0_17:0);;PI 16:0/17:0;PI(16:0/17:0)
PI 16:0_17:1;PI(16:0_17:1);;PI 16:0/17:1;PI(16:0/17:1)
PI 16:0_17:2;PI(16:0_17:2);;PI 16:0/17:2;PI(16:0/17:2)
PI 16:0_18:1;PI(16:0_18:1);;PI 16:0/18:1;PI(16:0/18:1)
PI 16:0_18:2;PI(16:0_18:2);;PI 16:0/18:2;PI(16:0/18:2)
PI 16:0_18:3;PI(16:0_18:3);;PI 16:0/18:3;PI(16:0/18:3)
PI 16:0_20:0;PI(16:0_20:0);;PI 16:0/20:0;PI(16:0/20:0)
PI 16:0_20:3;PI(16:0_20:3);;PI 16:0/20:3;PI(16:0/20:3)
PI 16:0_20:4;PI(16:0_20:4);;PI 16:0/20:4;PI(16:0/20:4)
PI 16:0_22:1;PI(16:0_22:1);;PI 16:0/22:1;PI(16:0/22:1)
PI 16:1_18:0;PI(16:1_18:0);;PI 16:1/18:0;PI(16:1/18:0)
PI 16:1_18:1;PI(16:1_18:1);;PI 16:1/18:1;PI(16:1/18:1)
PI 16:1_18:2;PI(16:1_18:2);;PI 16:1/18:2;PI(16:1/18:2)
PI 17:0_18:1;PI(17:0_18:1);;PI 17:0/18:1;PI(17:0/18:1)
PI 17:1_18:1;PI(17:1_18:1);;PI 17:1/18:1;PI(17:1/18:1)
PI 17:1_18:2;PI(17:1_18:2);;PI 17:1/18:2;PI(17:1/18:2)
PI 18:0_18:0;PI(18:0_18:0);;PI 18:0/18:0;PI(18:0/18:0)
PI 18:0_18:1;PI(18:0_18:1);;PI 18:0/18:1;PI(18:0/18:1)
PI 18:0_18:2;PI(18:0_18:2);;PI 18:0/18:2;PI(18:0/18:2)
PI 18:0_18:3;PI(18:0_18:3);;PI 18:0/18:3;PI(18:0/18:3)
PI 18:0_20:0;PI(18:0_20:0);;PI 18:0/20:0;PI(18:0/20:0)
PI 18:0_20:3;PI(18:0_20:3);;PI 18:0/20:3;PI(18:0/20:3)
PI 18:0_20:4;PI(18:0_20:4);;PI 18:0/20:4;PI(18:0/20:4)
PI 18:0_22:0;PI(18:0_22:0);;PI 18:0/22:0;PI(18:0/22:0)
PI 18:1_18:1;PI(18:1_18:1);;PI 18:1/18:1;PI(18:1/18:1)
PI 18:1_18:2;PI(18:1_18:2);;PI 18:1/18:2;PI(18:1/18:2)
PI 18:1_18:3;PI(18:1_18:3);;PI 18:1/18:3;PI(18:1/18:3)
PI 18:1_20:0;PI(18:1_20:0);;PI 18:1/20:0;PI(18:1/20:0)
PI 18:1_20:1;PI(18:1_20:1);;PI 18:1/20:1;PI(18:1/20:1)
PI 18:1_20:2;PI(18:1_20:2);;PI 18:1/20:2;PI(18:1/20:2)
PI 18:1_20:3;PI(18:1_20:3);;PI 18:1/20:3;PI(18:1/20:3)
PI 18:1_20:4;PI(18:1_20:4);;PI 18:1/20:4;PI(18:1/20:4)
PI 18:1_20:5;PI(18:1_20:5);;PI 18:1/20:5;PI(18:1/20:5)
PI 18:1_22:0;PI(18:1_22:0);;PI 18:1/22:0;PI(18:1/22:0)
PI 18:1_22:1;PI(18:1_22:1);;PI 18:1/22:1;PI(18:1/22:1)
PI 18:1_22:2;PI(18:1_22:2);;PI 18:1/22:2;PI(18:1/22:2)
PI 18:1_22:3;PI(18:1_22:3);;PI 18:1/22:3;PI(18:1/22:3)
PI 18:1_22:4;PI(18:1_22:4);;PI 18:1/22:4;PI(18:1/22:4)
PI 18:1_22:5;PI(18:1_22:5);;PI 18:1/22:5;PI(18:1/22:5)
PI 18:1_22:6;PI(18:1_22:6);;PI 18:1/22:6;PI(18:1/22:6)
PI 18:2_18:3;PI(18:2_18:3);;PI 18:2/18:3;PI(18:2/18:3)
PI 18:2_20:0;PI(18:2_20:0);;PI 18:2/20:0;PI(18:2/20:0)
PI 18:2_20:1;PI(18:2_20:1);;PI 18:2/20:1;PI(18:2/20:1)
PI 18:2_20:4;PI(18:2_20:4);;PI 18:2/20:4;PI(18:2/20:4)
PI 18:2_20:5;PI(18:2_20:5);;PI 18:2/20:5;PI(18:2/20:5)
PI 18:2_22:0;PI(18:2_22:0);;PI 18:2/22:0;PI(18:2/22:0)
PI 18:2_22:1;PI(18:2_22:1);;PI 18:2/22:1;PI(18:2/22:1)
PI 18:2_22:6;PI(18:2_22:6);;PI 18:2/22:6;PI(18:2/22:6)
LPS 16:0;LPS(16:0);;PS 16:0/0:0;PS(16:0/0:0)
LPS 16:1;LPS(16:1);;PS 16:1/0:0;PS(16:1/0:0)
LPS 18:0;LPS(18:0);;PS 18:0/0:0;PS(18:0/0:0)
LPS 18:1;LPS(18:1);;PS 18:1/0:0;PS(18:1/0:0)
LPS 18:2;LPS(18:2);;PS 18:2/0:0;PS(18:2/0:0)
LPS 18:3;LPS(18:3);;PS 18:3/0:0;PS(18:3/0:0)
LPS 20:0;LPS(20:0);;PS 20:0/0:0;PS(20:0/0:0)
LPS 20:1;LPS(20:1);;PS 20:1/0:0;PS(20:1/0:0)
LPS 20:4;LPS(20:4);;PS 20:4/0:0;PS(20:4/0:0)
LPS 20:5;LPS(20:5);;PS 20:5/0:0;PS(20:5/0:0)
LPS 22:0;LPS(22:0);;PS 22:0/0:0;PS(22:0/0:0)
LPS 22:6;LPS(22:6);;PS 22:6/0:0;PS(22:6/0:0)
PS 30:0;PS(30:0);;;
PS 32:0;PS(32:0);;;
PS 34:1;PS(34:1);;;
PS 34:2;PS(34:2);;;
PS 36:1;PS(36:1);;;
PS 36:2;PS(36:2);;;
PS 36:3;PS(36:3);;;
PS 36:4;PS(36:4);;;
PS 36:5;PS(36:5);;;
PS 38:4;PS(38:4);;;
PS 38:5;PS(38:5);;;
PS 38:6;PS(38:6);;;
PS 38:7;PS(38:7);;;
PS 40:4;PS(40:4);;;
PS 40:5;PS(40:5);;;
PS 40:6;PS(40:6);;;
PS 40:7;PS(40:7);;;
PS 40:8;PS(40:8);;;
SPB d14:0;SPB(d14:0);;;
SPB d14:1;SPB(d14:1);;;
SPB d16:0;SPB(d16:0);;;
SPB d16:1;SPB(d16:1);;;
SPB d17:0;SPB(d17:0);;;
SPB d17:1;SPB(d17:1);;;
SPB d18:0;SPB(d18:0;;;
SPB d18:1;SPB(d18:1;;;
SPBP d14:0;SPBP(d14:0);;;
SPBP d14:1;SPBP(d14:1);;;
SPBP d16:0;SPBP(d16:0);;;
SPBP d16:1;SPBP(d16:1);;;
SPBP d17:0;SPBP(d17:0);;;
SPBP d17:1;SPBP(d17:1);;;
SPBP d18:0;SPBP(d18:0);;;
SPBP d18:1;SPBP(d18:1);;;
SM 33:1;SM(33:1);;;
SM 34:1;SM(34:1);;;
SM 34:2;SM(34:2);;;
SM 35:1;SM(35:1);;;
SM 36:1;SM(36:1);;;
SM 36:2;SM(36:2);;;
SM 38:3;SM(38:3);;;
SM 40:4;SM(40:4);;;
SM 41:1;SM(41:1);;;
SM 41:2;SM(41:2);;;
SM 42:1;SM(42:1);;;
SM 42:2;SM(42:2);;;
SM 43:1;SM(43:1);;;
SM 44:1;SM(44:1);;;
SM 44:2;SM(44:2);;;
Hexose;Hexose;;;
TG 14:0_32:2;TG(14:0_32:2);;;
TG 14:0_34:0;TG(14:0_34:0);;;
TG 14:0_34:1;TG(14:0_34:1);;;
TG 14:0_34:2;TG(14:0_34:2);;;
TG 14:0_34:3;TG(14:0_34:3);;;
TG 14:0_35:1;TG(14:0_35:1);;;
TG 14:0_35:2;TG(14:0_35:2);;;
TG 14:0_36:1;TG(14:0_36:1);;;
TG 14:0_36:2;TG(14:0_36:2);;;
TG 14:0_36:3;TG(14:0_36:3);;;
TG 14:0_36:4;TG(14:0_36:4);;;
TG 14:0_38:4;TG(14:0_38:4);;;
TG 14:0_38:5;TG(14:0_38:5);;;
TG 14:0_39:3;TG(14:0_39:3);;;
TG 16:0_28:1;TG(16:0_28:1);;;
TG 16:0_28:2;TG(16:0_28:2);;;
TG 16:0_30:2;TG(16:0_30:2);;;
TG 16:0_32:0;TG(16:0_32:0);;;
TG 16:0_32:1;TG(16:0_32:1);;;
TG 16:0_32:2;TG(16:0_32:2);;;
TG 16:0_32:3;TG(16:0_32:3);;;
TG 16:0_33:1;TG(16:0_33:1);;;
TG 16:0_33:2;TG(16:0_33:2);;;
TG 16:0_34:0;TG(16:0_34:0);;;
TG 16:0_34:1;TG(16:0_34:1);;;
TG 16:0_34:2;TG(16:0_34:2);;;
TG 16:0_34:3;TG(16:0_34:3);;;
TG 16:0_34:4;TG(16:0_34:4);;;
TG 16:0_35:1;TG(16:0_35:1);;;
TG 16:0_35:2;TG(16:0_35:2);;;
TG 16:0_35:3;TG(16:0_35:3);;;
TG 16:0_36:2;TG(16:0_36:2);;;
TG 16:0_36:3;TG(16:0_36:3);;;
TG 16:0_36:4;TG(16:0_36:4);;;
TG 16:0_36:5;TG(16:0_36:5);;;
TG 16:0_36:6;TG(16:0_36:6);;;
TG 16:0_37:3;TG(16:0_37:3);;;
TG 16:0_38:1;TG(16:0_38:1);;;
TG 16:0_38:2;TG(16:0_38:2);;;
TG 16:0_38:3;TG(16:0_38:3);;;
TG 16:0_38:4;TG(16:0_38:4);;;
TG 16:0_38:5;TG(16:0_38:5);;;
TG 16:0_38:6;TG(16:0_38:6);;;
TG 16:0_38:7;TG(16:0_38:7);;;
TG 16:0_40:6;TG(16:0_40:6);;;
TG 16:0_40:7;TG(16:0_40:7);;;
TG 16:0_40:8;TG(16:0_40:8);;;
TG 16:1_28:0;TG(16:1_28:0);;;
TG 16:1_30:1;TG(16:1_30:1);;;
TG 16:1_32:0;TG(16:1_32:0);;;
TG 16:1_32:1;TG(16:1_32:1);;;
TG 16:1_32:2;TG(16:1_32:2);;;
TG 16:1_33:1;TG(16:1_33:1);;;
TG 16:1_34:0;TG(16:1_34:0);;;
TG 16:1_34:1;TG(16:1_34:1);;;
TG 16:1_34:2;TG(16:1_34:2);;;
TG 16:1_34:3;TG(16:1_34:3);;;
TG 16:1_36:1;TG(16:1_36:1);;;
TG 16:1_36:2;TG(16:1_36:2);;;
TG 16:1_36:3;TG(16:1_36:3);;;
TG 16:1_36:4;TG(16:1_36:4);;;
TG 16:1_36:5;TG(16:1_36:5);;;
TG 16:1_38:3;TG(16:1_38:3);;;
TG 16:1_38:4;TG(16:1_38:4);;;
TG 16:1_38:5;TG(16:1_38:5);;;
TG 17:0_32:1;TG(17:0_32:1);;;
TG 17:0_34:1;TG(17:0_34:1);;;
TG 17:0_34:2;TG(17:0_34:2);;;
TG 17:0_34:3;TG(17:0_34:3);;;
TG 17:0_36:3;TG(17:0_36:3);;;
TG 17:0_36:4;TG(17:0_36:4);;;
TG 17:1_32:1;TG(17:1_32:1);;;
TG 17:1_34:1;TG(17:1_34:1);;;
TG 17:1_34:2;TG(17:1_34:2);;;
TG 17:1_34:3;TG(17:1_34:3);;;
TG 17:1_36:3;TG(17:1_36:3);;;
TG 17:1_36:4;TG(17:1_36:4);;;
TG 17:1_36:5;TG(17:1_36:5);;;
TG 17:1_38:5;TG(17:1_38:5);;;
TG 17:1_38:6;TG(17:1_38:6);;;
TG 17:1_38:7;TG(17:1_38:7);;;
TG 17:2_34:2;TG(17:2_34:2);;;
TG 17:2_34:3;TG(17:2_34:3);;;
TG 17:2_36:2;TG(17:2_36:2);;;
TG 17:2_36:3;TG(17:2_36:3);;;
TG 17:2_36:4;TG(17:2_36:4);;;
TG 17:2_38:5;TG(17:2_38:5);;;
TG 17:2_38:6;TG(17:2_38:6);;;
TG 17:2_38:7;TG(17:2_38:7);;;
TG 18:0_30:0;TG(18:0_30:0);;;
TG 18:0_30:1;TG(18:0_30:1);;;
TG 18:0_32:0;TG(18:0_32:0);;;
TG 18:0_32:1;TG(18:0_32:1);;;
TG 18:0_32:2;TG(18:0_32:2);;;
TG 18:0_34:2;TG(18:0_34:2);;;
TG 18:0_34:3;TG(18:0_34:3);;;
TG 18:0_36:1;TG(18:0_36:1);;;
TG 18:0_36:2;TG(18:0_36:2);;;
TG 18:0_36:3;TG(18:0_36:3);;;
TG 18:0_36:4;TG(18:0_36:4);;;
TG 18:0_36:5;TG(18:0_36:5);;;
TG 18:0_38:6;TG(18:0_38:6);;;
TG 18:0_38:7;TG(18:0_38:7);;;
TG 18:1_26:0;TG(18:1_26:0);;;
TG 18:1_28:1;TG(18:1_28:1);;;
TG 18:1_30:0;TG(18:1_30:0);;;
TG 18:1_30:1;TG(18:1_30:1);;;
TG 18:1_30:2;TG(18:1_30:2);;;
TG 18:1_31:0;TG(18:1_31:0);;;
TG 18:1_32:0;TG(18:1_32:0);;;
TG 18:1_32:1;TG(18:1_32:1);;;
TG 18:1_32:2;TG(18:1_32:2);;;
TG 18:1_32:3;TG(18:1_32:3);;;
TG 18:1_33:0;TG(18:1_33:0);;;
TG 18:1_33:1;TG(18:1_33:1);;;
TG 18:1_33:2;TG(18:1_33:2);;;
TG 18:1_33:3;TG(18:1_33:3);;;
TG 18:1_34:1;TG(18:1_34:1);;;
TG 18:1_34:2;TG(18:1_34:2);;;
TG 18:1_34:3;TG(18:1_34:3);;;
TG 18:1_34:4;TG(18:1_34:4);;;
TG 18:1_35:2;TG(18:1_35:2);;;
TG 18:1_35:3;TG(18:1_35:3);;;
TG 18:1_36:0;TG(18:1_36:0);;;
TG 18:1_36:1;TG(18:1_36:1);;;
TG 18:1_36:2;TG(18:1_36:2);;;
TG 18:1_36:3;TG(18:1_36:3);;;
TG 18:1_36:4;TG(18:1_36:4);;;
TG 18:1_36:5;TG(18:1_36:5);;;
TG 18:1_36:6;TG(18:1_36:6);;;
TG 18:1_38:5;TG(18:1_38:5);;;
TG 18:1_38:6;TG(18:1_38:6);;;
TG 18:1_38:7;TG(18:1_38:7);;;
TG 18:2_28:0;TG(18:2_28:0);;;
TG 18:2_30:0;TG(18:2_30:0);;;
TG 18:2_30:1;TG(18:2_30:1);;;
TG 18:2_31:0;TG(18:2_31:0);;;
TG 18:2_32:0;TG(18:2_32:0);;;
TG 18:2_32:1;TG(18:2_32:1);;;
TG 18:2_32:2;TG(18:2_32:2);;;
TG 18:2_33:0;TG(18:2_33:0);;;
TG 18:2_33:1;TG(18:2_33:1);;;
TG 18:2_33:2;TG(18:2_33:2);;;
TG 18:2_34:0;TG(18:2_34:0);;;
TG 18:2_34:1;TG(18:2_34:1);;;
TG 18:2_34:2;TG(18:2_34:2);;;
TG 18:2_34:3;TG(18:2_34:3);;;
TG 18:2_34:4;TG(18:2_34:4);;;
TG 18:2_35:1;TG(18:2_35:1);;;
TG 18:2_35:2;TG(18:2_35:2);;;
TG 18:2_35:3;TG(18:2_35:3);;;
TG 18:2_36:0;TG(18:2_36:0);;;
TG 18:2_36:1;TG(18:2_36:1);;;
TG 18:2_36:2;TG(18:2_36:2);;;
TG 18:2_36:3;TG(18:2_36:3);;;
TG 18:2_36:4;TG(18:2_36:4);;;
TG 18:2_36:5;TG(18:2_36:5);;;
TG 18:2_38:4;TG(18:2_38:4);;;
TG 18:2_38:5;TG(18:2_38:5);;;
TG 18:2_38:6;TG(18:2_38:6);;;
TG 18:3_30:0;TG(18:3_30:0);;;
TG 18:3_32:0;TG(18:3_32:0);;;
TG 18:3_32:1;TG(18:3_32:1);;;
TG 18:3_33:2;TG(18:3_33:2);;;
TG 18:3_34:0;TG(18:3_34:0);;;
TG 18:3_34:1;TG(18:3_34:1);;;
TG 18:3_34:2;TG(18:3_34:2);;;
TG 18:3_34:3;TG(18:3_34:3);;;
TG 18:3_35:2;TG(18:3_35:2);;;
TG 18:3_36:1;TG(18:3_36:1);;;
TG 18:3_36:2;TG(18:3_36:2);;;
TG 18:3_36:3;TG(18:3_36:3);;;
TG 18:3_36:4;TG(18:3_36:4);;;
TG 18:3_38:5;TG(18:3_38:5);;;
TG 18:3_38:6;TG(18:3_38:6);;;
TG 20:0_32:3;TG(20:0_32:3);;;
TG 20:0_32:4;TG(20:0_32:4);;;
TG 20:0_34:1;TG(20:0_34:1);;;
TG 20:1_24:3;TG(20:1_24:3);;;
TG 20:1_26:1;TG(20:1_26:1);;;
TG 20:1_30:1;TG(20:1_30:1);;;
TG 20:1_31:0;TG(20:1_31:0);;;
TG 20:1_32:1;TG(20:1_32:1);;;
TG 20:1_32:2;TG(20:1_32:2);;;
TG 20:1_32:3;TG(20:1_32:3);;;
TG 20:1_34:0;TG(20:1_34:0);;;
TG 20:1_34:1;TG(20:1_34:1);;;
TG 20:1_34:2;TG(20:1_34:2);;;
TG 20:1_34:3;TG(20:1_34:3);;;
TG 20:2_32:0;TG(20:2_32:0);;;
TG 20:2_32:1;TG(20:2_32:1);;;
TG 20:2_34:1;TG(20:2_34:1);;;
TG 20:2_34:2;TG(20:2_34:2);;;
TG 20:2_34:3;TG(20:2_34:3);;;
TG 20:2_34:4;TG(20:2_34:4);;;
TG 20:2_36:5;TG(20:2_36:5);;;
TG 20:3_32:0;TG(20:3_32:0);;;
TG 20:3_32:1;TG(20:3_32:1);;;
TG 20:3_32:2;TG(20:3_32:2);;;
TG 20:3_34:0;TG(20:3_34:0);;;
TG 20:3_34:1;TG(20:3_34:1);;;
TG 20:3_34:2;TG(20:3_34:2);;;
TG 20:3_34:3;TG(20:3_34:3);;;
TG 20:3_36:3;TG(20:3_36:3);;;
TG 20:3_36:4;TG(20:3_36:4);;;